0,1
jeremy_words_dataset\jeremy_words\z01\z01-000\z01-000-00-18.png,affect
jeremy_words_dataset\jeremy_words\z01\z01-000\z01-000-05-20.png,material
jeremy_words_dataset\jeremy_words\z01\z01-000\z01-000-07-83.png,senior
jeremy_words_dataset\jeremy_words\z01\z01-000\z01-000-01-05.png,bring
jeremy_words_dataset\jeremy_words\z01\z01-000\z01-000-00-67.png,away
jeremy_words_dataset\jeremy_words\z01\z01-000\z01-000-10-42.png,within
jeremy_words_dataset\jeremy_words\z01\z01-000\z01-000-01-70.png,cup
jeremy_words_dataset\jeremy_words\z01\z01-000\z01-000-06-86.png,produc
jeremy_words_dataset\jeremy_words\z01\z01-000\z01-000-03-58.png,heavy
jeremy_words_dataset\jeremy_words\z01\z01-000\z01-000-01-09.png,business
jeremy_words_dataset\jeremy_words\z01\z01-000\z01-000-08-30.png,sourc
jeremy_words_dataset\jeremy_words\z01\z01-000\z01-000-09-72.png,t
jeremy_words_dataset\jeremy_words\z01\z01-000\z01-000-03-90.png,ild
jeremy_words_dataset\jeremy_words\z01\z01-000\z01-000-09-53.png,ttle
jeremy_words_dataset\jeremy_words\z01\z01-000\z01-000-02-12.png,doctor
jeremy_words_dataset\jeremy_words\z01\z01-000\z01-000-03-03.png,fish
jeremy_words_dataset\jeremy_words\z01\z01-000\z01-000-05-61.png,much
jeremy_words_dataset\jeremy_words\z01\z01-000\z01-000-03-43.png,gun
jeremy_words_dataset\jeremy_words\z01\z01-000\z01-000-05-86.png,note
jeremy_words_dataset\jeremy_words\z01\z01-000\z01-000-05-15.png,many
jeremy_words_dataset\jeremy_words\z01\z01-000\z01-000-04-61.png,left
jeremy_words_dataset\jeremy_words\z01\z01-000\z01-000-02-71.png,e
jeremy_words_dataset\jeremy_words\z01\z01-000\z01-000-02-02.png,difference
jeremy_words_dataset\jeremy_words\z01\z01-000\z01-000-06-63.png,policy
jeremy_words_dataset\jeremy_words\z01\z01-000\z01-000-01-31.png,chance
jeremy_words_dataset\jeremy_words\z01\z01-000\z01-000-06-39.png,past
jeremy_words_dataset\jeremy_words\z01\z01-000\z01-000-08-54.png,store
jeremy_words_dataset\jeremy_words\z01\z01-000\z01-000-09-47.png,trouble
jeremy_words_dataset\jeremy_words\z01\z01-000\z01-000-06-70.png,position
jeremy_words_dataset\jeremy_words\z01\z01-000\z01-000-09-31.png,top
jeremy_words_dataset\jeremy_words\z01\z01-000\z01-000-02-68.png,experience
jeremy_words_dataset\jeremy_words\z01\z01-000\z01-000-01-02.png,both
jeremy_words_dataset\jeremy_words\z01\z01-000\z01-000-02-81.png,family
jeremy_words_dataset\jeremy_words\z01\z01-000\z01-000-10-52.png,write
jeremy_words_dataset\jeremy_words\z01\z01-000\z01-000-04-40.png,k
jeremy_words_dataset\jeremy_words\z01\z01-000\z01-000-06-36.png,party
jeremy_words_dataset\jeremy_words\z01\z01-000\z01-000-03-25.png,garden
jeremy_words_dataset\jeremy_words\z01\z01-000\z01-000-08-50.png,step
jeremy_words_dataset\jeremy_words\z01\z01-000\z01-000-00-79.png,because
jeremy_words_dataset\jeremy_words\z01\z01-000\z01-000-01-24.png,catch
jeremy_words_dataset\jeremy_words\z01\z01-000\z01-000-00-94.png,bit
jeremy_words_dataset\jeremy_words\z01\z01-000\z01-000-10-29.png,where
jeremy_words_dataset\jeremy_words\z01\z01-000\z01-000-03-26.png,generation
jeremy_words_dataset\jeremy_words\z01\z01-000\z01-000-03-82.png,h
jeremy_words_dataset\jeremy_words\z01\z01-000\z01-000-01-18.png,capital
jeremy_words_dataset\jeremy_words\z01\z01-000\z01-000-04-31.png,key
jeremy_words_dataset\jeremy_words\z01\z01-000\z01-000-10-67.png,y
jeremy_words_dataset\jeremy_words\z01\z01-000\z01-000-02-23.png,during
jeremy_words_dataset\jeremy_words\z01\z01-000\z01-000-10-38.png,wide
jeremy_words_dataset\jeremy_words\z01\z01-000\z01-000-03-00.png,finish
jeremy_words_dataset\jeremy_words\z01\z01-000\z01-000-10-03.png,usually
jeremy_words_dataset\jeremy_words\z01\z01-000\z01-000-03-49.png,happy
jeremy_words_dataset\jeremy_words\z01\z01-000\z01-000-07-00.png,qua
jeremy_words_dataset\jeremy_words\z01\z01-000\z01-000-04-70.png,lie
jeremy_words_dataset\jeremy_words\z01\z01-000\z01-000-02-21.png,drop
jeremy_words_dataset\jeremy_words\z01\z01-000\z01-000-09-50.png,try
jeremy_words_dataset\jeremy_words\z01\z01-000\z01-000-09-70.png,t
jeremy_words_dataset\jeremy_words\z01\z01-000\z01-000-05-91.png,number
jeremy_words_dataset\jeremy_words\z01\z01-000\z01-000-08-17.png,sm
jeremy_words_dataset\jeremy_words\z01\z01-000\z01-000-01-85.png,decade
jeremy_words_dataset\jeremy_words\z01\z01-000\z01-000-07-51.png,road
jeremy_words_dataset\jeremy_words\z01\z01-000\z01-000-10-10.png,vote
jeremy_words_dataset\jeremy_words\z01\z01-000\z01-000-06-62.png,play
jeremy_words_dataset\jeremy_words\z01\z01-000\z01-000-04-65.png,letter
jeremy_words_dataset\jeremy_words\z01\z01-000\z01-000-08-97.png,theory
jeremy_words_dataset\jeremy_words\z01\z01-000\z01-000-06-85.png,production
jeremy_words_dataset\jeremy_words\z01\z01-000\z01-000-07-38.png,respond
jeremy_words_dataset\jeremy_words\z01\z01-000\z01-000-05-16.png,man
jeremy_words_dataset\jeremy_words\z01\z01-000\z01-000-07-08.png,range
jeremy_words_dataset\jeremy_words\z01\z01-000\z01-000-09-73.png,t
jeremy_words_dataset\jeremy_words\z01\z01-000\z01-000-01-32.png,character
jeremy_words_dataset\jeremy_words\z01\z01-000\z01-000-09-85.png,t
jeremy_words_dataset\jeremy_words\z01\z01-000\z01-000-05-41.png,minute
jeremy_words_dataset\jeremy_words\z01\z01-000\z01-000-07-13.png,ready
jeremy_words_dataset\jeremy_words\z01\z01-000\z01-000-03-35.png,government
jeremy_words_dataset\jeremy_words\z01\z01-000\z01-000-02-28.png,economic
jeremy_words_dataset\jeremy_words\z01\z01-000\z01-000-06-48.png,perform
jeremy_words_dataset\jeremy_words\z01\z01-000\z01-000-02-94.png,film
jeremy_words_dataset\jeremy_words\z01\z01-000\z01-000-06-94.png,public
jeremy_words_dataset\jeremy_words\z01\z01-000\z01-000-03-57.png,heat
jeremy_words_dataset\jeremy_words\z01\z01-000\z01-000-02-19.png,drive
jeremy_words_dataset\jeremy_words\z01\z01-000\z01-000-08-53.png,stop
jeremy_words_dataset\jeremy_words\z01\z01-000\z01-000-09-08.png,this
jeremy_words_dataset\jeremy_words\z01\z01-000\z01-000-09-14.png,thousand
jeremy_words_dataset\jeremy_words\z01\z01-000\z01-000-06-54.png,phone
jeremy_words_dataset\jeremy_words\z01\z01-000\z01-000-08-94.png,their
jeremy_words_dataset\jeremy_words\z01\z01-000\z01-000-02-50.png,environment
jeremy_words_dataset\jeremy_words\z01\z01-000\z01-000-08-29.png,source
jeremy_words_dataset\jeremy_words\z01\z01-000\z01-000-06-31.png,parent
jeremy_words_dataset\jeremy_words\z01\z01-000\z01-000-04-30.png,ket
jeremy_words_dataset\jeremy_words\z01\z01-000\z01-000-10-46.png,word
jeremy_words_dataset\jeremy_words\z01\z01-000\z01-000-01-64.png,cour
jeremy_words_dataset\jeremy_words\z01\z01-000\z01-000-09-92.png,t
jeremy_words_dataset\jeremy_words\z01\z01-000\z01-000-07-84.png,series
jeremy_words_dataset\jeremy_words\z01\z01-000\z01-000-08-93.png,tha
jeremy_words_dataset\jeremy_words\z01\z01-000\z01-000-07-89.png,seven
jeremy_words_dataset\jeremy_words\z01\z01-000\z01-000-02-83.png,fas
jeremy_words_dataset\jeremy_words\z01\z01-000\z01-000-01-86.png,decide
jeremy_words_dataset\jeremy_words\z01\z01-000\z01-000-03-05.png,fi
jeremy_words_dataset\jeremy_words\z01\z01-000\z01-000-05-23.png,may
jeremy_words_dataset\jeremy_words\z01\z01-000\z01-000-08-04.png,similar
jeremy_words_dataset\jeremy_words\z01\z01-000\z01-000-09-38.png,to
jeremy_words_dataset\jeremy_words\z01\z01-000\z01-000-09-87.png,t
jeremy_words_dataset\jeremy_words\z01\z01-000\z01-000-09-52.png,ttention
jeremy_words_dataset\jeremy_words\z01\z01-000\z01-000-03-70.png,hold
jeremy_words_dataset\jeremy_words\z01\z01-000\z01-000-06-72.png,possible
jeremy_words_dataset\jeremy_words\z01\z01-000\z01-000-03-42.png,guess
jeremy_words_dataset\jeremy_words\z01\z01-000\z01-000-00-46.png,any
jeremy_words_dataset\jeremy_words\z01\z01-000\z01-000-01-75.png,c
jeremy_words_dataset\jeremy_words\z01\z01-000\z01-000-05-94.png,offer
jeremy_words_dataset\jeremy_words\z01\z01-000\z01-000-09-62.png,t
jeremy_words_dataset\jeremy_words\z01\z01-000\z01-000-02-77.png,factor
jeremy_words_dataset\jeremy_words\z01\z01-000\z01-000-04-81.png,ll
jeremy_words_dataset\jeremy_words\z01\z01-000\z01-000-08-06.png,simply
jeremy_words_dataset\jeremy_words\z01\z01-000\z01-000-09-86.png,t
jeremy_words_dataset\jeremy_words\z01\z01-000\z01-000-08-73.png,support
jeremy_words_dataset\jeremy_words\z01\z01-000\z01-000-05-31.png,memory
jeremy_words_dataset\jeremy_words\z01\z01-000\z01-000-07-20.png,recently
jeremy_words_dataset\jeremy_words\z01\z01-000\z01-000-07-01.png,question
jeremy_words_dataset\jeremy_words\z01\z01-000\z01-000-05-19.png,mar
jeremy_words_dataset\jeremy_words\z01\z01-000\z01-000-04-02.png,individual
jeremy_words_dataset\jeremy_words\z01\z01-000\z01-000-02-97.png,find
jeremy_words_dataset\jeremy_words\z01\z01-000\z01-000-05-01.png,l
jeremy_words_dataset\jeremy_words\z01\z01-000\z01-000-07-31.png,relationships
jeremy_words_dataset\jeremy_words\z01\z01-000\z01-000-09-34.png,tough
jeremy_words_dataset\jeremy_words\z01\z01-000\z01-000-06-42.png,payer
jeremy_words_dataset\jeremy_words\z01\z01-000\z01-000-10-32.png,white
jeremy_words_dataset\jeremy_words\z01\z01-000\z01-000-05-25.png,mea
jeremy_words_dataset\jeremy_words\z01\z01-000\z01-000-04-57.png,leader
jeremy_words_dataset\jeremy_words\z01\z01-000\z01-000-04-77.png,live
jeremy_words_dataset\jeremy_words\z01\z01-000\z01-000-02-85.png,fa
jeremy_words_dataset\jeremy_words\z01\z01-000\z01-000-10-12.png,walk
jeremy_words_dataset\jeremy_words\z01\z01-000\z01-000-10-57.png,yard
jeremy_words_dataset\jeremy_words\z01\z01-000\z01-000-02-73.png,e
jeremy_words_dataset\jeremy_words\z01\z01-000\z01-000-02-56.png,even
jeremy_words_dataset\jeremy_words\z01\z01-000\z01-000-07-66.png,save
jeremy_words_dataset\jeremy_words\z01\z01-000\z01-000-05-93.png,occur
jeremy_words_dataset\jeremy_words\z01\z01-000\z01-000-10-19.png,weapon
jeremy_words_dataset\jeremy_words\z01\z01-000\z01-000-04-71.png,life
jeremy_words_dataset\jeremy_words\z01\z01-000\z01-000-07-99.png,show
jeremy_words_dataset\jeremy_words\z01\z01-000\z01-000-02-24.png,early
jeremy_words_dataset\jeremy_words\z01\z01-000\z01-000-03-34.png,got
jeremy_words_dataset\jeremy_words\z01\z01-000\z01-000-05-55.png,move
jeremy_words_dataset\jeremy_words\z01\z01-000\z01-000-00-89.png,between
jeremy_words_dataset\jeremy_words\z01\z01-000\z01-000-03-16.png,forward
jeremy_words_dataset\jeremy_words\z01\z01-000\z01-000-04-66.png,let
jeremy_words_dataset\jeremy_words\z01\z01-000\z01-000-08-85.png,television
jeremy_words_dataset\jeremy_words\z01\z01-000\z01-000-08-12.png,six
jeremy_words_dataset\jeremy_words\z01\z01-000\z01-000-04-86.png,look
jeremy_words_dataset\jeremy_words\z01\z01-000\z01-000-08-59.png,strong
jeremy_words_dataset\jeremy_words\z01\z01-000\z01-000-07-48.png,righ
jeremy_words_dataset\jeremy_words\z01\z01-000\z01-000-07-86.png,serve
jeremy_words_dataset\jeremy_words\z01\z01-000\z01-000-00-08.png,accros
jeremy_words_dataset\jeremy_words\z01\z01-000\z01-000-10-41.png,wish
jeremy_words_dataset\jeremy_words\z01\z01-000\z01-000-05-97.png,officia
jeremy_words_dataset\jeremy_words\z01\z01-000\z01-000-00-36.png,always
jeremy_words_dataset\jeremy_words\z01\z01-000\z01-000-02-53.png,ess
jeremy_words_dataset\jeremy_words\z01\z01-000\z01-000-09-79.png,t
jeremy_words_dataset\jeremy_words\z01\z01-000\z01-000-10-01.png,useful
jeremy_words_dataset\jeremy_words\z01\z01-000\z01-000-05-24.png,measure
jeremy_words_dataset\jeremy_words\z01\z01-000\z01-000-10-15.png,ware
jeremy_words_dataset\jeremy_words\z01\z01-000\z01-000-08-40.png,spring
jeremy_words_dataset\jeremy_words\z01\z01-000\z01-000-02-91.png,field
jeremy_words_dataset\jeremy_words\z01\z01-000\z01-000-06-68.png,population
jeremy_words_dataset\jeremy_words\z01\z01-000\z01-000-09-60.png,t
jeremy_words_dataset\jeremy_words\z01\z01-000\z01-000-04-37.png,knowledge
jeremy_words_dataset\jeremy_words\z01\z01-000\z01-000-01-14.png,call
jeremy_words_dataset\jeremy_words\z01\z01-000\z01-000-06-37.png,par
jeremy_words_dataset\jeremy_words\z01\z01-000\z01-000-04-27.png,jus
jeremy_words_dataset\jeremy_words\z01\z01-000\z01-000-00-03.png,above
jeremy_words_dataset\jeremy_words\z01\z01-000\z01-000-05-00.png,l
jeremy_words_dataset\jeremy_words\z01\z01-000\z01-000-08-56.png,stranded
jeremy_words_dataset\jeremy_words\z01\z01-000\z01-000-06-24.png,ovide
jeremy_words_dataset\jeremy_words\z01\z01-000\z01-000-01-04.png,break
jeremy_words_dataset\jeremy_words\z01\z01-000\z01-000-00-29.png,allow
jeremy_words_dataset\jeremy_words\z01\z01-000\z01-000-05-57.png,Mrs
jeremy_words_dataset\jeremy_words\z01\z01-000\z01-000-03-14.png,forme
jeremy_words_dataset\jeremy_words\z01\z01-000\z01-000-09-17.png,through
jeremy_words_dataset\jeremy_words\z01\z01-000\z01-000-10-56.png,xylophone
jeremy_words_dataset\jeremy_words\z01\z01-000\z01-000-06-55.png,physical
jeremy_words_dataset\jeremy_words\z01\z01-000\z01-000-07-16.png,reality
jeremy_words_dataset\jeremy_words\z01\z01-000\z01-000-00-20.png,against
jeremy_words_dataset\jeremy_words\z01\z01-000\z01-000-03-54.png,health
jeremy_words_dataset\jeremy_words\z01\z01-000\z01-000-02-72.png,e
jeremy_words_dataset\jeremy_words\z01\z01-000\z01-000-03-11.png,foo
jeremy_words_dataset\jeremy_words\z01\z01-000\z01-000-02-47.png,entral
jeremy_words_dataset\jeremy_words\z01\z01-000\z01-000-05-76.png,network
jeremy_words_dataset\jeremy_words\z01\z01-000\z01-000-05-64.png,myself
jeremy_words_dataset\jeremy_words\z01\z01-000\z01-000-04-56.png,ld
jeremy_words_dataset\jeremy_words\z01\z01-000\z01-000-10-45.png,won
jeremy_words_dataset\jeremy_words\z01\z01-000\z01-000-03-09.png,follow
jeremy_words_dataset\jeremy_words\z01\z01-000\z01-000-04-13.png,involve
jeremy_words_dataset\jeremy_words\z01\z01-000\z01-000-07-87.png,service
jeremy_words_dataset\jeremy_words\z01\z01-000\z01-000-00-01.png,able
jeremy_words_dataset\jeremy_words\z01\z01-000\z01-000-08-09.png,sister
jeremy_words_dataset\jeremy_words\z01\z01-000\z01-000-08-71.png,suggest
jeremy_words_dataset\jeremy_words\z01\z01-000\z01-000-10-39.png,wife
jeremy_words_dataset\jeremy_words\z01\z01-000\z01-000-04-72.png,light
jeremy_words_dataset\jeremy_words\z01\z01-000\z01-000-04-10.png,interview
jeremy_words_dataset\jeremy_words\z01\z01-000\z01-000-03-21.png,from
jeremy_words_dataset\jeremy_words\z01\z01-000\z01-000-07-93.png,share
jeremy_words_dataset\jeremy_words\z01\z01-000\z01-000-03-47.png,hang
jeremy_words_dataset\jeremy_words\z01\z01-000\z01-000-03-59.png,here
jeremy_words_dataset\jeremy_words\z01\z01-000\z01-000-03-63.png,he
jeremy_words_dataset\jeremy_words\z01\z01-000\z01-000-03-80.png,hundred
jeremy_words_dataset\jeremy_words\z01\z01-000\z01-000-02-48.png,ent
jeremy_words_dataset\jeremy_words\z01\z01-000\z01-000-04-41.png,k
jeremy_words_dataset\jeremy_words\z01\z01-000\z01-000-08-07.png,since
jeremy_words_dataset\jeremy_words\z01\z01-000\z01-000-04-29.png,keep
jeremy_words_dataset\jeremy_words\z01\z01-000\z01-000-08-27.png,soon
jeremy_words_dataset\jeremy_words\z01\z01-000\z01-000-09-15.png,three
jeremy_words_dataset\jeremy_words\z01\z01-000\z01-000-07-60.png,r
jeremy_words_dataset\jeremy_words\z01\z01-000\z01-000-08-28.png,sound
jeremy_words_dataset\jeremy_words\z01\z01-000\z01-000-03-78.png,how
jeremy_words_dataset\jeremy_words\z01\z01-000\z01-000-07-32.png,remain
jeremy_words_dataset\jeremy_words\z01\z01-000\z01-000-08-72.png,summer
jeremy_words_dataset\jeremy_words\z01\z01-000\z01-000-00-96.png,blood
jeremy_words_dataset\jeremy_words\z01\z01-000\z01-000-02-07.png,director
jeremy_words_dataset\jeremy_words\z01\z01-000\z01-000-08-65.png,subject
jeremy_words_dataset\jeremy_words\z01\z01-000\z01-000-00-43.png,answer
jeremy_words_dataset\jeremy_words\z01\z01-000\z01-000-09-11.png,those
jeremy_words_dataset\jeremy_words\z01\z01-000\z01-000-03-51.png,hard
jeremy_words_dataset\jeremy_words\z01\z01-000\z01-000-03-56.png,hear
jeremy_words_dataset\jeremy_words\z01\z01-000\z01-000-08-57.png,strategy
jeremy_words_dataset\jeremy_words\z01\z01-000\z01-000-00-62.png,audience
jeremy_words_dataset\jeremy_words\z01\z01-000\z01-000-07-26.png,reduce
jeremy_words_dataset\jeremy_words\z01\z01-000\z01-000-03-86.png,identify
jeremy_words_dataset\jeremy_words\z01\z01-000\z01-000-08-98.png,there
jeremy_words_dataset\jeremy_words\z01\z01-000\z01-000-08-38.png,spoon
jeremy_words_dataset\jeremy_words\z01\z01-000\z01-000-07-33.png,remember
jeremy_words_dataset\jeremy_words\z01\z01-000\z01-000-03-15.png,form
jeremy_words_dataset\jeremy_words\z01\z01-000\z01-000-00-60.png,attack
jeremy_words_dataset\jeremy_words\z01\z01-000\z01-000-09-69.png,t
jeremy_words_dataset\jeremy_words\z01\z01-000\z01-000-01-47.png,common
jeremy_words_dataset\jeremy_words\z01\z01-000\z01-000-00-34.png,also
jeremy_words_dataset\jeremy_words\z01\z01-000\z01-000-09-77.png,t
jeremy_words_dataset\jeremy_words\z01\z01-000\z01-000-02-15.png,down
jeremy_words_dataset\jeremy_words\z01\z01-000\z01-000-02-86.png,fear
jeremy_words_dataset\jeremy_words\z01\z01-000\z01-000-06-41.png,pattern
jeremy_words_dataset\jeremy_words\z01\z01-000\z01-000-00-37.png,America
jeremy_words_dataset\jeremy_words\z01\z01-000\z01-000-01-00.png,book
jeremy_words_dataset\jeremy_words\z01\z01-000\z01-000-05-56.png,movie
jeremy_words_dataset\jeremy_words\z01\z01-000\z01-000-07-11.png,rat
jeremy_words_dataset\jeremy_words\z01\z01-000\z01-000-00-25.png,ago
jeremy_words_dataset\jeremy_words\z01\z01-000\z01-000-09-61.png,t
jeremy_words_dataset\jeremy_words\z01\z01-000\z01-000-04-75.png,listen
jeremy_words_dataset\jeremy_words\z01\z01-000\z01-000-09-02.png,the
jeremy_words_dataset\jeremy_words\z01\z01-000\z01-000-00-71.png,back
jeremy_words_dataset\jeremy_words\z01\z01-000\z01-000-06-83.png,proc
jeremy_words_dataset\jeremy_words\z01\z01-000\z01-000-08-34.png,space
jeremy_words_dataset\jeremy_words\z01\z01-000\z01-000-00-16.png,admit
jeremy_words_dataset\jeremy_words\z01\z01-000\z01-000-00-98.png,body
jeremy_words_dataset\jeremy_words\z01\z01-000\z01-000-04-36.png,kitchen
jeremy_words_dataset\jeremy_words\z01\z01-000\z01-000-07-34.png,remove
jeremy_words_dataset\jeremy_words\z01\z01-000\z01-000-00-15.png,administration
jeremy_words_dataset\jeremy_words\z01\z01-000\z01-000-02-49.png,environments
jeremy_words_dataset\jeremy_words\z01\z01-000\z01-000-07-06.png,race
jeremy_words_dataset\jeremy_words\z01\z01-000\z01-000-02-04.png,difficult
jeremy_words_dataset\jeremy_words\z01\z01-000\z01-000-05-59.png,Mr
jeremy_words_dataset\jeremy_words\z01\z01-000\z01-000-03-01.png,firm
jeremy_words_dataset\jeremy_words\z01\z01-000\z01-000-00-41.png,animal
jeremy_words_dataset\jeremy_words\z01\z01-000\z01-000-00-82.png,before
jeremy_words_dataset\jeremy_words\z01\z01-000\z01-000-03-88.png,iew
jeremy_words_dataset\jeremy_words\z01\z01-000\z01-000-09-06.png,think
jeremy_words_dataset\jeremy_words\z01\z01-000\z01-000-06-99.png,quality
jeremy_words_dataset\jeremy_words\z01\z01-000\z01-000-05-38.png,might
jeremy_words_dataset\jeremy_words\z01\z01-000\z01-000-06-02.png,oi
jeremy_words_dataset\jeremy_words\z01\z01-000\z01-000-02-99.png,finger
jeremy_words_dataset\jeremy_words\z01\z01-000\z01-000-01-93.png,dent
jeremy_words_dataset\jeremy_words\z01\z01-000\z01-000-07-17.png,really
jeremy_words_dataset\jeremy_words\z01\z01-000\z01-000-06-33.png,particularly
jeremy_words_dataset\jeremy_words\z01\z01-000\z01-000-08-61.png,student
jeremy_words_dataset\jeremy_words\z01\z01-000\z01-000-00-81.png,bed
jeremy_words_dataset\jeremy_words\z01\z01-000\z01-000-00-31.png,almost
jeremy_words_dataset\jeremy_words\z01\z01-000\z01-000-05-05.png,machine
jeremy_words_dataset\jeremy_words\z01\z01-000\z01-000-05-44.png,mi
jeremy_words_dataset\jeremy_words\z01\z01-000\z01-000-02-09.png,discussion
jeremy_words_dataset\jeremy_words\z01\z01-000\z01-000-07-09.png,ras
jeremy_words_dataset\jeremy_words\z01\z01-000\z01-000-06-01.png,oh
jeremy_words_dataset\jeremy_words\z01\z01-000\z01-000-02-30.png,edge
jeremy_words_dataset\jeremy_words\z01\z01-000\z01-000-01-58.png,contin
jeremy_words_dataset\jeremy_words\z01\z01-000\z01-000-02-63.png,exactly
jeremy_words_dataset\jeremy_words\z01\z01-000\z01-000-03-02.png,first
jeremy_words_dataset\jeremy_words\z01\z01-000\z01-000-09-82.png,t
jeremy_words_dataset\jeremy_words\z01\z01-000\z01-000-08-55.png,story
jeremy_words_dataset\jeremy_words\z01\z01-000\z01-000-07-07.png,radio
jeremy_words_dataset\jeremy_words\z01\z01-000\z01-000-04-53.png,law
jeremy_words_dataset\jeremy_words\z01\z01-000\z01-000-05-73.png,nearly
jeremy_words_dataset\jeremy_words\z01\z01-000\z01-000-09-33.png,tota
jeremy_words_dataset\jeremy_words\z01\z01-000\z01-000-07-50.png,ris
jeremy_words_dataset\jeremy_words\z01\z01-000\z01-000-08-99.png,ther
jeremy_words_dataset\jeremy_words\z01\z01-000\z01-000-01-10.png,but
jeremy_words_dataset\jeremy_words\z01\z01-000\z01-000-06-20.png,other
jeremy_words_dataset\jeremy_words\z01\z01-000\z01-000-01-49.png,company
jeremy_words_dataset\jeremy_words\z01\z01-000\z01-000-01-16.png,candidate
jeremy_words_dataset\jeremy_words\z01\z01-000\z01-000-00-83.png,begin
jeremy_words_dataset\jeremy_words\z01\z01-000\z01-000-09-95.png,under
jeremy_words_dataset\jeremy_words\z01\z01-000\z01-000-09-10.png,thod
jeremy_words_dataset\jeremy_words\z01\z01-000\z01-000-07-62.png,r
jeremy_words_dataset\jeremy_words\z01\z01-000\z01-000-06-10.png,only
jeremy_words_dataset\jeremy_words\z01\z01-000\z01-000-07-05.png,qu
jeremy_words_dataset\jeremy_words\z01\z01-000\z01-000-08-46.png,star
jeremy_words_dataset\jeremy_words\z01\z01-000\z01-000-09-20.png,th
jeremy_words_dataset\jeremy_words\z01\z01-000\z01-000-08-89.png,term
jeremy_words_dataset\jeremy_words\z01\z01-000\z01-000-00-58.png,assume
jeremy_words_dataset\jeremy_words\z01\z01-000\z01-000-00-85.png,behind
jeremy_words_dataset\jeremy_words\z01\z01-000\z01-000-04-78.png,li
jeremy_words_dataset\jeremy_words\z01\z01-000\z01-000-06-75.png,prepare
jeremy_words_dataset\jeremy_words\z01\z01-000\z01-000-10-23.png,well
jeremy_words_dataset\jeremy_words\z01\z01-000\z01-000-02-80.png,fall
jeremy_words_dataset\jeremy_words\z01\z01-000\z01-000-06-05.png,old
jeremy_words_dataset\jeremy_words\z01\z01-000\z01-000-07-21.png,recieve
jeremy_words_dataset\jeremy_words\z01\z01-000\z01-000-01-52.png,concern
jeremy_words_dataset\jeremy_words\z01\z01-000\z01-000-10-48.png,work
jeremy_words_dataset\jeremy_words\z01\z01-000\z01-000-05-12.png,management
jeremy_words_dataset\jeremy_words\z01\z01-000\z01-000-03-41.png,growth
jeremy_words_dataset\jeremy_words\z01\z01-000\z01-000-07-74.png,seat
jeremy_words_dataset\jeremy_words\z01\z01-000\z01-000-08-47.png,state
jeremy_words_dataset\jeremy_words\z01\z01-000\z01-000-01-34.png,check
jeremy_words_dataset\jeremy_words\z01\z01-000\z01-000-09-58.png,two
jeremy_words_dataset\jeremy_words\z01\z01-000\z01-000-05-42.png,mission
jeremy_words_dataset\jeremy_words\z01\z01-000\z01-000-00-21.png,again
jeremy_words_dataset\jeremy_words\z01\z01-000\z01-000-06-09.png,one
jeremy_words_dataset\jeremy_words\z01\z01-000\z01-000-08-36.png,speech
jeremy_words_dataset\jeremy_words\z01\z01-000\z01-000-05-46.png,modern
jeremy_words_dataset\jeremy_words\z01\z01-000\z01-000-02-54.png,establish
jeremy_words_dataset\jeremy_words\z01\z01-000\z01-000-05-06.png,magazine
jeremy_words_dataset\jeremy_words\z01\z01-000\z01-000-00-61.png,attorney
jeremy_words_dataset\jeremy_words\z01\z01-000\z01-000-01-55.png,congress
jeremy_words_dataset\jeremy_words\z01\z01-000\z01-000-05-92.png,ob
jeremy_words_dataset\jeremy_words\z01\z01-000\z01-000-04-80.png,llion
jeremy_words_dataset\jeremy_words\z01\z01-000\z01-000-03-48.png,happen
jeremy_words_dataset\jeremy_words\z01\z01-000\z01-000-03-91.png,ile
jeremy_words_dataset\jeremy_words\z01\z01-000\z01-000-07-40.png,respon
jeremy_words_dataset\jeremy_words\z01\z01-000\z01-000-09-00.png,these
jeremy_words_dataset\jeremy_words\z01\z01-000\z01-000-02-45.png,enter
jeremy_words_dataset\jeremy_words\z01\z01-000\z01-000-02-66.png,exist
jeremy_words_dataset\jeremy_words\z01\z01-000\z01-000-01-57.png,consum
jeremy_words_dataset\jeremy_words\z01\z01-000\z01-000-04-93.png,l
jeremy_words_dataset\jeremy_words\z01\z01-000\z01-000-06-61.png,plan
jeremy_words_dataset\jeremy_words\z01\z01-000\z01-000-06-76.png,present
jeremy_words_dataset\jeremy_words\z01\z01-000\z01-000-08-77.png,s
jeremy_words_dataset\jeremy_words\z01\z01-000\z01-000-02-36.png,either
jeremy_words_dataset\jeremy_words\z01\z01-000\z01-000-01-15.png,cancer
jeremy_words_dataset\jeremy_words\z01\z01-000\z01-000-06-12.png,on
jeremy_words_dataset\jeremy_words\z01\z01-000\z01-000-10-33.png,whole
jeremy_words_dataset\jeremy_words\z01\z01-000\z01-000-02-90.png,few
jeremy_words_dataset\jeremy_words\z01\z01-000\z01-000-03-53.png,head
jeremy_words_dataset\jeremy_words\z01\z01-000\z01-000-09-44.png,tree
jeremy_words_dataset\jeremy_words\z01\z01-000\z01-000-04-01.png,indicate
jeremy_words_dataset\jeremy_words\z01\z01-000\z01-000-08-43.png,stale
jeremy_words_dataset\jeremy_words\z01\z01-000\z01-000-02-18.png,dream
jeremy_words_dataset\jeremy_words\z01\z01-000\z01-000-09-03.png,the
jeremy_words_dataset\jeremy_words\z01\z01-000\z01-000-05-90.png,no
jeremy_words_dataset\jeremy_words\z01\z01-000\z01-000-04-48.png,las
jeremy_words_dataset\jeremy_words\z01\z01-000\z01-000-02-20.png,drive
jeremy_words_dataset\jeremy_words\z01\z01-000\z01-000-07-42.png,res
jeremy_words_dataset\jeremy_words\z01\z01-000\z01-000-08-45.png,start
jeremy_words_dataset\jeremy_words\z01\z01-000\z01-000-05-50.png,morning
jeremy_words_dataset\jeremy_words\z01\z01-000\z01-000-04-54.png,law
jeremy_words_dataset\jeremy_words\z01\z01-000\z01-000-07-23.png,recognise
jeremy_words_dataset\jeremy_words\z01\z01-000\z01-000-00-97.png,blue
jeremy_words_dataset\jeremy_words\z01\z01-000\z01-000-10-71.png,ze
jeremy_words_dataset\jeremy_words\z01\z01-000\z01-000-02-14.png,door
jeremy_words_dataset\jeremy_words\z01\z01-000\z01-000-09-84.png,t
jeremy_words_dataset\jeremy_words\z01\z01-000\z01-000-08-33.png,so
jeremy_words_dataset\jeremy_words\z01\z01-000\z01-000-08-03.png,sign
jeremy_words_dataset\jeremy_words\z01\z01-000\z01-000-08-02.png,side
jeremy_words_dataset\jeremy_words\z01\z01-000\z01-000-03-13.png,forge
jeremy_words_dataset\jeremy_words\z01\z01-000\z01-000-00-53.png,around
jeremy_words_dataset\jeremy_words\z01\z01-000\z01-000-00-33.png,along
jeremy_words_dataset\jeremy_words\z01\z01-000\z01-000-08-95.png,themselves
jeremy_words_dataset\jeremy_words\z01\z01-000\z01-000-07-58.png,run
jeremy_words_dataset\jeremy_words\z01\z01-000\z01-000-00-27.png,agree
jeremy_words_dataset\jeremy_words\z01\z01-000\z01-000-07-73.png,season
jeremy_words_dataset\jeremy_words\z01\z01-000\z01-000-00-93.png,billion
jeremy_words_dataset\jeremy_words\z01\z01-000\z01-000-01-60.png,couch
jeremy_words_dataset\jeremy_words\z01\z01-000\z01-000-07-14.png,read
jeremy_words_dataset\jeremy_words\z01\z01-000\z01-000-03-40.png,group
jeremy_words_dataset\jeremy_words\z01\z01-000\z01-000-00-74.png,bag
jeremy_words_dataset\jeremy_words\z01\z01-000\z01-000-05-35.png,me
jeremy_words_dataset\jeremy_words\z01\z01-000\z01-000-08-20.png,some
jeremy_words_dataset\jeremy_words\z01\z01-000\z01-000-05-22.png,maybe
jeremy_words_dataset\jeremy_words\z01\z01-000\z01-000-03-65.png,himself
jeremy_words_dataset\jeremy_words\z01\z01-000\z01-000-09-41.png,training
jeremy_words_dataset\jeremy_words\z01\z01-000\z01-000-06-04.png,ok
jeremy_words_dataset\jeremy_words\z01\z01-000\z01-000-03-79.png,huge
jeremy_words_dataset\jeremy_words\z01\z01-000\z01-000-08-23.png,some
jeremy_words_dataset\jeremy_words\z01\z01-000\z01-000-04-68.png,le
jeremy_words_dataset\jeremy_words\z01\z01-000\z01-000-07-25.png,rec
jeremy_words_dataset\jeremy_words\z01\z01-000\z01-000-01-50.png,compare
jeremy_words_dataset\jeremy_words\z01\z01-000\z01-000-08-39.png,sport
jeremy_words_dataset\jeremy_words\z01\z01-000\z01-000-00-24.png,age
jeremy_words_dataset\jeremy_words\z01\z01-000\z01-000-06-25.png,owner
jeremy_words_dataset\jeremy_words\z01\z01-000\z01-000-01-26.png,ca
jeremy_words_dataset\jeremy_words\z01\z01-000\z01-000-01-41.png,cold
jeremy_words_dataset\jeremy_words\z01\z01-000\z01-000-00-13.png,address
jeremy_words_dataset\jeremy_words\z01\z01-000\z01-000-07-78.png,seek
jeremy_words_dataset\jeremy_words\z01\z01-000\z01-000-00-59.png,as
jeremy_words_dataset\jeremy_words\z01\z01-000\z01-000-03-69.png,hit
jeremy_words_dataset\jeremy_words\z01\z01-000\z01-000-07-65.png,same
jeremy_words_dataset\jeremy_words\z01\z01-000\z01-000-01-54.png,conference
jeremy_words_dataset\jeremy_words\z01\z01-000\z01-000-08-82.png,teacher
jeremy_words_dataset\jeremy_words\z01\z01-000\z01-000-00-14.png,add
jeremy_words_dataset\jeremy_words\z01\z01-000\z01-000-08-66.png,successful
jeremy_words_dataset\jeremy_words\z01\z01-000\z01-000-07-03.png,quiz
jeremy_words_dataset\jeremy_words\z01\z01-000\z01-000-04-03.png,industry
jeremy_words_dataset\jeremy_words\z01\z01-000\z01-000-03-92.png,image
jeremy_words_dataset\jeremy_words\z01\z01-000\z01-000-02-89.png,feel
jeremy_words_dataset\jeremy_words\z01\z01-000\z01-000-06-29.png,pain
jeremy_words_dataset\jeremy_words\z01\z01-000\z01-000-05-30.png,member
jeremy_words_dataset\jeremy_words\z01\z01-000\z01-000-06-35.png,partner
jeremy_words_dataset\jeremy_words\z01\z01-000\z01-000-03-73.png,hotel
jeremy_words_dataset\jeremy_words\z01\z01-000\z01-000-02-29.png,economy
jeremy_words_dataset\jeremy_words\z01\z01-000\z01-000-01-27.png,century
jeremy_words_dataset\jeremy_words\z01\z01-000\z01-000-03-85.png,idea
jeremy_words_dataset\jeremy_words\z01\z01-000\z01-000-06-28.png,painting
jeremy_words_dataset\jeremy_words\z01\z01-000\z01-000-03-97.png,include
jeremy_words_dataset\jeremy_words\z01\z01-000\z01-000-04-39.png,k
jeremy_words_dataset\jeremy_words\z01\z01-000\z01-000-07-70.png,science
jeremy_words_dataset\jeremy_words\z01\z01-000\z01-000-02-84.png,father
jeremy_words_dataset\jeremy_words\z01\z01-000\z01-000-10-62.png,young
jeremy_words_dataset\jeremy_words\z01\z01-000\z01-000-05-77.png,newer
jeremy_words_dataset\jeremy_words\z01\z01-000\z01-000-07-81.png,sem
jeremy_words_dataset\jeremy_words\z01\z01-000\z01-000-05-84.png,night
jeremy_words_dataset\jeremy_words\z01\z01-000\z01-000-07-97.png,shot
jeremy_words_dataset\jeremy_words\z01\z01-000\z01-000-07-46.png,re
jeremy_words_dataset\jeremy_words\z01\z01-000\z01-000-06-26.png,own
jeremy_words_dataset\jeremy_words\z01\z01-000\z01-000-09-19.png,th
jeremy_words_dataset\jeremy_words\z01\z01-000\z01-000-09-35.png,toward
jeremy_words_dataset\jeremy_words\z01\z01-000\z01-000-00-95.png,black
jeremy_words_dataset\jeremy_words\z01\z01-000\z01-000-01-13.png,by
jeremy_words_dataset\jeremy_words\z01\z01-000\z01-000-09-09.png,this
jeremy_words_dataset\jeremy_words\z01\z01-000\z01-000-03-28.png,gions
jeremy_words_dataset\jeremy_words\z01\z01-000\z01-000-05-39.png,mil
jeremy_words_dataset\jeremy_words\z01\z01-000\z01-000-07-54.png,room
jeremy_words_dataset\jeremy_words\z01\z01-000\z01-000-10-24.png,west
jeremy_words_dataset\jeremy_words\z01\z01-000\z01-000-02-74.png,e
jeremy_words_dataset\jeremy_words\z01\z01-000\z01-000-04-52.png,lawyer
jeremy_words_dataset\jeremy_words\z01\z01-000\z01-000-05-32.png,mention
jeremy_words_dataset\jeremy_words\z01\z01-000\z01-000-05-78.png,newspaper
jeremy_words_dataset\jeremy_words\z01\z01-000\z01-000-09-55.png,ture
jeremy_words_dataset\jeremy_words\z01\z01-000\z01-000-06-00.png,of
jeremy_words_dataset\jeremy_words\z01\z01-000\z01-000-09-63.png,t
jeremy_words_dataset\jeremy_words\z01\z01-000\z01-000-01-80.png,daughter
jeremy_words_dataset\jeremy_words\z01\z01-000\z01-000-05-75.png,need
jeremy_words_dataset\jeremy_words\z01\z01-000\z01-000-04-59.png,least
jeremy_words_dataset\jeremy_words\z01\z01-000\z01-000-07-35.png,report
jeremy_words_dataset\jeremy_words\z01\z01-000\z01-000-01-69.png,culture
jeremy_words_dataset\jeremy_words\z01\z01-000\z01-000-02-79.png,fall
jeremy_words_dataset\jeremy_words\z01\z01-000\z01-000-03-04.png,five
jeremy_words_dataset\jeremy_words\z01\z01-000\z01-000-08-62.png,study
jeremy_words_dataset\jeremy_words\z01\z01-000\z01-000-05-28.png,meeting
jeremy_words_dataset\jeremy_words\z01\z01-000\z01-000-00-75.png,ball
jeremy_words_dataset\jeremy_words\z01\z01-000\z01-000-00-56.png,ar
jeremy_words_dataset\jeremy_words\z01\z01-000\z01-000-02-01.png,die
jeremy_words_dataset\jeremy_words\z01\z01-000\z01-000-00-55.png,artist
jeremy_words_dataset\jeremy_words\z01\z01-000\z01-000-06-91.png,properly
jeremy_words_dataset\jeremy_words\z01\z01-000\z01-000-06-90.png,projec
jeremy_words_dataset\jeremy_words\z01\z01-000\z01-000-04-88.png,loss
jeremy_words_dataset\jeremy_words\z01\z01-000\z01-000-06-56.png,pick
jeremy_words_dataset\jeremy_words\z01\z01-000\z01-000-01-88.png,deep
jeremy_words_dataset\jeremy_words\z01\z01-000\z01-000-03-55.png,heart
jeremy_words_dataset\jeremy_words\z01\z01-000\z01-000-08-91.png,than
jeremy_words_dataset\jeremy_words\z01\z01-000\z01-000-09-12.png,thought
jeremy_words_dataset\jeremy_words\z01\z01-000\z01-000-09-59.png,type
jeremy_words_dataset\jeremy_words\z01\z01-000\z01-000-07-82.png,send
jeremy_words_dataset\jeremy_words\z01\z01-000\z01-000-09-36.png,town
jeremy_words_dataset\jeremy_words\z01\z01-000\z01-000-01-51.png,computer
jeremy_words_dataset\jeremy_words\z01\z01-000\z01-000-06-87.png,professional
jeremy_words_dataset\jeremy_words\z01\z01-000\z01-000-01-66.png,create
jeremy_words_dataset\jeremy_words\z01\z01-000\z01-000-04-76.png,live
jeremy_words_dataset\jeremy_words\z01\z01-000\z01-000-07-80.png,sell
jeremy_words_dataset\jeremy_words\z01\z01-000\z01-000-00-80.png,become
jeremy_words_dataset\jeremy_words\z01\z01-000\z01-000-00-09.png,action
jeremy_words_dataset\jeremy_words\z01\z01-000\z01-000-05-13.png,manager
jeremy_words_dataset\jeremy_words\z01\z01-000\z01-000-10-08.png,visit
jeremy_words_dataset\jeremy_words\z01\z01-000\z01-000-06-69.png,populat
jeremy_words_dataset\jeremy_words\z01\z01-000\z01-000-10-18.png,way
jeremy_words_dataset\jeremy_words\z01\z01-000\z01-000-09-25.png,tion
jeremy_words_dataset\jeremy_words\z01\z01-000\z01-000-03-60.png,herself
jeremy_words_dataset\jeremy_words\z01\z01-000\z01-000-09-23.png,time
jeremy_words_dataset\jeremy_words\z01\z01-000\z01-000-09-26.png,tion
jeremy_words_dataset\jeremy_words\z01\z01-000\z01-000-06-13.png,open
jeremy_words_dataset\jeremy_words\z01\z01-000\z01-000-09-80.png,t
jeremy_words_dataset\jeremy_words\z01\z01-000\z01-000-06-96.png,purpose
jeremy_words_dataset\jeremy_words\z01\z01-000\z01-000-02-08.png,discover
jeremy_words_dataset\jeremy_words\z01\z01-000\z01-000-03-89.png,ild
jeremy_words_dataset\jeremy_words\z01\z01-000\z01-000-06-08.png,one
jeremy_words_dataset\jeremy_words\z01\z01-000\z01-000-05-81.png,new
jeremy_words_dataset\jeremy_words\z01\z01-000\z01-000-09-54.png,tty
jeremy_words_dataset\jeremy_words\z01\z01-000\z01-000-10-20.png,wear
jeremy_words_dataset\jeremy_words\z01\z01-000\z01-000-10-51.png,write
jeremy_words_dataset\jeremy_words\z01\z01-000\z01-000-00-54.png,article
jeremy_words_dataset\jeremy_words\z01\z01-000\z01-000-04-51.png,laugh
jeremy_words_dataset\jeremy_words\z01\z01-000\z01-000-06-30.png,paper
jeremy_words_dataset\jeremy_words\z01\z01-000\z01-000-01-19.png,card
jeremy_words_dataset\jeremy_words\z01\z01-000\z01-000-00-91.png,be
jeremy_words_dataset\jeremy_words\z01\z01-000\z01-000-06-06.png,once
jeremy_words_dataset\jeremy_words\z01\z01-000\z01-000-05-80.png,new
jeremy_words_dataset\jeremy_words\z01\z01-000\z01-000-02-26.png,easy
jeremy_words_dataset\jeremy_words\z01\z01-000\z01-000-03-46.png,half
jeremy_words_dataset\jeremy_words\z01\z01-000\z01-000-01-95.png,despite
jeremy_words_dataset\jeremy_words\z01\z01-000\z01-000-01-84.png,debate
jeremy_words_dataset\jeremy_words\z01\z01-000\z01-000-09-90.png,t
jeremy_words_dataset\jeremy_words\z01\z01-000\z01-000-06-71.png,positive
jeremy_words_dataset\jeremy_words\z01\z01-000\z01-000-07-57.png,rult
jeremy_words_dataset\jeremy_words\z01\z01-000\z01-000-08-13.png,si
jeremy_words_dataset\jeremy_words\z01\z01-000\z01-000-01-37.png,church
jeremy_words_dataset\jeremy_words\z01\z01-000\z01-000-04-99.png,l
jeremy_words_dataset\jeremy_words\z01\z01-000\z01-000-01-63.png,couple
jeremy_words_dataset\jeremy_words\z01\z01-000\z01-000-05-96.png,office
jeremy_words_dataset\jeremy_words\z01\z01-000\z01-000-02-33.png,effort
jeremy_words_dataset\jeremy_words\z01\z01-000\z01-000-03-50.png,hard
jeremy_words_dataset\jeremy_words\z01\z01-000\z01-000-06-19.png,others
jeremy_words_dataset\jeremy_words\z01\z01-000\z01-000-03-93.png,imagine
jeremy_words_dataset\jeremy_words\z01\z01-000\z01-000-04-04.png,information
jeremy_words_dataset\jeremy_words\z01\z01-000\z01-000-03-76.png,howe
jeremy_words_dataset\jeremy_words\z01\z01-000\z01-000-06-81.png,private
jeremy_words_dataset\jeremy_words\z01\z01-000\z01-000-09-51.png,tside
jeremy_words_dataset\jeremy_words\z01\z01-000\z01-000-10-07.png,violence
jeremy_words_dataset\jeremy_words\z01\z01-000\z01-000-05-45.png,model
jeremy_words_dataset\jeremy_words\z01\z01-000\z01-000-10-16.png,war
jeremy_words_dataset\jeremy_words\z01\z01-000\z01-000-08-64.png,style
jeremy_words_dataset\jeremy_words\z01\z01-000\z01-000-00-64.png,author
jeremy_words_dataset\jeremy_words\z01\z01-000\z01-000-01-98.png,development
jeremy_words_dataset\jeremy_words\z01\z01-000\z01-000-08-90.png,than
jeremy_words_dataset\jeremy_words\z01\z01-000\z01-000-10-69.png,zen
jeremy_words_dataset\jeremy_words\z01\z01-000\z01-000-01-01.png,born
jeremy_words_dataset\jeremy_words\z01\z01-000\z01-000-09-81.png,t
jeremy_words_dataset\jeremy_words\z01\z01-000\z01-000-01-99.png,develop
jeremy_words_dataset\jeremy_words\z01\z01-000\z01-000-05-21.png,matter
jeremy_words_dataset\jeremy_words\z01\z01-000\z01-000-10-37.png,why
jeremy_words_dataset\jeremy_words\z01\z01-000\z01-000-00-23.png,agent
jeremy_words_dataset\jeremy_words\z01\z01-000\z01-000-00-72.png,back
jeremy_words_dataset\jeremy_words\z01\z01-000\z01-000-08-00.png,sibility
jeremy_words_dataset\jeremy_words\z01\z01-000\z01-000-07-90.png,several
jeremy_words_dataset\jeremy_words\z01\z01-000\z01-000-09-13.png,though
jeremy_words_dataset\jeremy_words\z01\z01-000\z01-000-07-79.png,seem
jeremy_words_dataset\jeremy_words\z01\z01-000\z01-000-08-22.png,some
jeremy_words_dataset\jeremy_words\z01\z01-000\z01-000-09-37.png,to
jeremy_words_dataset\jeremy_words\z01\z01-000\z01-000-00-99.png,body
jeremy_words_dataset\jeremy_words\z01\z01-000\z01-000-06-84.png,produce
jeremy_words_dataset\jeremy_words\z01\z01-000\z01-000-07-15.png,realise
jeremy_words_dataset\jeremy_words\z01\z01-000\z01-000-07-61.png,r
jeremy_words_dataset\jeremy_words\z01\z01-000\z01-000-08-11.png,situation
jeremy_words_dataset\jeremy_words\z01\z01-000\z01-000-01-29.png,chair
jeremy_words_dataset\jeremy_words\z01\z01-000\z01-000-01-30.png,challenge
jeremy_words_dataset\jeremy_words\z01\z01-000\z01-000-07-52.png,robably
jeremy_words_dataset\jeremy_words\z01\z01-000\z01-000-00-06.png,according
jeremy_words_dataset\jeremy_words\z01\z01-000\z01-000-08-44.png,stand
jeremy_words_dataset\jeremy_words\z01\z01-000\z01-000-00-90.png,beyond
jeremy_words_dataset\jeremy_words\z01\z01-000\z01-000-10-26.png,whatever
jeremy_words_dataset\jeremy_words\z01\z01-000\z01-000-04-90.png,love
jeremy_words_dataset\jeremy_words\z01\z01-000\z01-000-09-91.png,t
jeremy_words_dataset\jeremy_words\z01\z01-000\z01-000-04-23.png,it
jeremy_words_dataset\jeremy_words\z01\z01-000\z01-000-00-50.png,area
jeremy_words_dataset\jeremy_words\z01\z01-000\z01-000-02-46.png,entire
jeremy_words_dataset\jeremy_words\z01\z01-000\z01-000-01-82.png,dead
jeremy_words_dataset\jeremy_words\z01\z01-000\z01-000-05-74.png,necessary
jeremy_words_dataset\jeremy_words\z01\z01-000\z01-000-06-14.png,opera
jeremy_words_dataset\jeremy_words\z01\z01-000\z01-000-03-72.png,hospita
jeremy_words_dataset\jeremy_words\z01\z01-000\z01-000-10-64.png,youth
jeremy_words_dataset\jeremy_words\z01\z01-000\z01-000-03-10.png,food
jeremy_words_dataset\jeremy_words\z01\z01-000\z01-000-00-05.png,accept
jeremy_words_dataset\jeremy_words\z01\z01-000\z01-000-01-11.png,buy
jeremy_words_dataset\jeremy_words\z01\z01-000\z01-000-00-04.png,accept
jeremy_words_dataset\jeremy_words\z01\z01-000\z01-000-10-05.png,various
jeremy_words_dataset\jeremy_words\z01\z01-000\z01-000-01-83.png,death
jeremy_words_dataset\jeremy_words\z01\z01-000\z01-000-01-89.png,defense
jeremy_words_dataset\jeremy_words\z01\z01-000\z01-000-04-91.png,lp
jeremy_words_dataset\jeremy_words\z01\z01-000\z01-000-05-47.png,momen
jeremy_words_dataset\jeremy_words\z01\z01-000\z01-000-10-09.png,voice
jeremy_words_dataset\jeremy_words\z01\z01-000\z01-000-08-18.png,socia
jeremy_words_dataset\jeremy_words\z01\z01-000\z01-000-06-07.png,onder
jeremy_words_dataset\jeremy_words\z01\z01-000\z01-000-07-59.png,r
jeremy_words_dataset\jeremy_words\z01\z01-000\z01-000-08-14.png,si
jeremy_words_dataset\jeremy_words\z01\z01-000\z01-000-04-44.png,land
jeremy_words_dataset\jeremy_words\z01\z01-000\z01-000-02-52.png,espec
jeremy_words_dataset\jeremy_words\z01\z01-000\z01-000-01-06.png,brother
jeremy_words_dataset\jeremy_words\z01\z01-000\z01-000-02-00.png,deviate
jeremy_words_dataset\jeremy_words\z01\z01-000\z01-000-00-17.png,adult
jeremy_words_dataset\jeremy_words\z01\z01-000\z01-000-08-96.png,them
jeremy_words_dataset\jeremy_words\z01\z01-000\z01-000-08-69.png,suddenly
jeremy_words_dataset\jeremy_words\z01\z01-000\z01-000-06-52.png,person
jeremy_words_dataset\jeremy_words\z01\z01-000\z01-000-04-43.png,k
jeremy_words_dataset\jeremy_words\z01\z01-000\z01-000-02-39.png,else
jeremy_words_dataset\jeremy_words\z01\z01-000\z01-000-05-72.png,nd
jeremy_words_dataset\jeremy_words\z01\z01-000\z01-000-01-87.png,decision
jeremy_words_dataset\jeremy_words\z01\z01-000\z01-000-06-51.png,personal
jeremy_words_dataset\jeremy_words\z01\z01-000\z01-000-00-63.png,authority
jeremy_words_dataset\jeremy_words\z01\z01-000\z01-000-01-21.png,care
jeremy_words_dataset\jeremy_words\z01\z01-000\z01-000-07-24.png,record
jeremy_words_dataset\jeremy_words\z01\z01-000\z01-000-05-63.png,mu
jeremy_words_dataset\jeremy_words\z01\z01-000\z01-000-06-16.png,option
jeremy_words_dataset\jeremy_words\z01\z01-000\z01-000-04-96.png,l
jeremy_words_dataset\jeremy_words\z01\z01-000\z01-000-10-30.png,which
jeremy_words_dataset\jeremy_words\z01\z01-000\z01-000-00-73.png,bad
jeremy_words_dataset\jeremy_words\z01\z01-000\z01-000-07-94.png,she
jeremy_words_dataset\jeremy_words\z01\z01-000\z01-000-05-27.png,medical
jeremy_words_dataset\jeremy_words\z01\z01-000\z01-000-07-56.png,ro
jeremy_words_dataset\jeremy_words\z01\z01-000\z01-000-03-99.png,increase
jeremy_words_dataset\jeremy_words\z01\z01-000\z01-000-05-60.png,mr
jeremy_words_dataset\jeremy_words\z01\z01-000\z01-000-00-40.png,and
jeremy_words_dataset\jeremy_words\z01\z01-000\z01-000-07-72.png,sc
jeremy_words_dataset\jeremy_words\z01\z01-000\z01-000-03-52.png,have
jeremy_words_dataset\jeremy_words\z01\z01-000\z01-000-08-81.png,tax
jeremy_words_dataset\jeremy_words\z01\z01-000\z01-000-07-27.png,red
jeremy_words_dataset\jeremy_words\z01\z01-000\z01-000-04-73.png,likely
jeremy_words_dataset\jeremy_words\z01\z01-000\z01-000-08-78.png,table
jeremy_words_dataset\jeremy_words\z01\z01-000\z01-000-09-28.png,together
jeremy_words_dataset\jeremy_words\z01\z01-000\z01-000-02-51.png,er
jeremy_words_dataset\jeremy_words\z01\z01-000\z01-000-02-11.png,disease
jeremy_words_dataset\jeremy_words\z01\z01-000\z01-000-09-78.png,t
jeremy_words_dataset\jeremy_words\z01\z01-000\z01-000-04-32.png,kid
jeremy_words_dataset\jeremy_words\z01\z01-000\z01-000-03-08.png,focu
jeremy_words_dataset\jeremy_words\z01\z01-000\z01-000-04-97.png,l
jeremy_words_dataset\jeremy_words\z01\z01-000\z01-000-06-53.png,per
jeremy_words_dataset\jeremy_words\z01\z01-000\z01-000-06-49.png,perhaps
jeremy_words_dataset\jeremy_words\z01\z01-000\z01-000-04-47.png,last
jeremy_words_dataset\jeremy_words\z01\z01-000\z01-000-10-65.png,you
jeremy_words_dataset\jeremy_words\z01\z01-000\z01-000-07-36.png,represent
jeremy_words_dataset\jeremy_words\z01\z01-000\z01-000-09-30.png,too
jeremy_words_dataset\jeremy_words\z01\z01-000\z01-000-02-96.png,financial
jeremy_words_dataset\jeremy_words\z01\z01-000\z01-000-02-40.png,employe
jeremy_words_dataset\jeremy_words\z01\z01-000\z01-000-01-90.png,degree
jeremy_words_dataset\jeremy_words\z01\z01-000\z01-000-02-05.png,dinner
jeremy_words_dataset\jeremy_words\z01\z01-000\z01-000-07-75.png,second
jeremy_words_dataset\jeremy_words\z01\z01-000\z01-000-05-11.png,make
jeremy_words_dataset\jeremy_words\z01\z01-000\z01-000-03-22.png,from
jeremy_words_dataset\jeremy_words\z01\z01-000\z01-000-09-65.png,t
jeremy_words_dataset\jeremy_words\z01\z01-000\z01-000-07-04.png,qu
jeremy_words_dataset\jeremy_words\z01\z01-000\z01-000-07-47.png,ric
jeremy_words_dataset\jeremy_words\z01\z01-000\z01-000-01-77.png,dark
jeremy_words_dataset\jeremy_words\z01\z01-000\z01-000-06-44.png,pay
jeremy_words_dataset\jeremy_words\z01\z01-000\z01-000-09-98.png,until
jeremy_words_dataset\jeremy_words\z01\z01-000\z01-000-09-29.png,tonight
jeremy_words_dataset\jeremy_words\z01\z01-000\z01-000-08-58.png,street
jeremy_words_dataset\jeremy_words\z01\z01-000\z01-000-06-66.png,politics
jeremy_words_dataset\jeremy_words\z01\z01-000\z01-000-10-06.png,ver
jeremy_words_dataset\jeremy_words\z01\z01-000\z01-000-04-62.png,legal
jeremy_words_dataset\jeremy_words\z01\z01-000\z01-000-04-09.png,interest
jeremy_words_dataset\jeremy_words\z01\z01-000\z01-000-09-96.png,unity
jeremy_words_dataset\jeremy_words\z01\z01-000\z01-000-10-35.png,whose
jeremy_words_dataset\jeremy_words\z01\z01-000\z01-000-01-48.png,comm
jeremy_words_dataset\jeremy_words\z01\z01-000\z01-000-03-27.png,ge
jeremy_words_dataset\jeremy_words\z01\z01-000\z01-000-07-98.png,shoulder
jeremy_words_dataset\jeremy_words\z01\z01-000\z01-000-08-05.png,simple
jeremy_words_dataset\jeremy_words\z01\z01-000\z01-000-02-03.png,different
jeremy_words_dataset\jeremy_words\z01\z01-000\z01-000-07-88.png,ser
jeremy_words_dataset\jeremy_words\z01\z01-000\z01-000-01-22.png,carry
jeremy_words_dataset\jeremy_words\z01\z01-000\z01-000-03-33.png,good
jeremy_words_dataset\jeremy_words\z01\z01-000\z01-000-01-25.png,cause
jeremy_words_dataset\jeremy_words\z01\z01-000\z01-000-05-62.png,must
jeremy_words_dataset\jeremy_words\z01\z01-000\z01-000-03-17.png,for
jeremy_words_dataset\jeremy_words\z01\z01-000\z01-000-05-43.png,miss
jeremy_words_dataset\jeremy_words\z01\z01-000\z01-000-09-67.png,t
jeremy_words_dataset\jeremy_words\z01\z01-000\z01-000-10-47.png,worker
jeremy_words_dataset\jeremy_words\z01\z01-000\z01-000-09-45.png,trial
jeremy_words_dataset\jeremy_words\z01\z01-000\z01-000-08-31.png,southern
jeremy_words_dataset\jeremy_words\z01\z01-000\z01-000-06-79.png,preven
jeremy_words_dataset\jeremy_words\z01\z01-000\z01-000-02-67.png,expect
jeremy_words_dataset\jeremy_words\z01\z01-000\z01-000-02-55.png,event
jeremy_words_dataset\jeremy_words\z01\z01-000\z01-000-02-65.png,executive
jeremy_words_dataset\jeremy_words\z01\z01-000\z01-000-01-40.png,close
jeremy_words_dataset\jeremy_words\z01\z01-000\z01-000-10-58.png,yeah
jeremy_words_dataset\jeremy_words\z01\z01-000\z01-000-05-79.png,news
jeremy_words_dataset\jeremy_words\z01\z01-000\z01-000-01-62.png,country
jeremy_words_dataset\jeremy_words\z01\z01-000\z01-000-03-38.png,green
jeremy_words_dataset\jeremy_words\z01\z01-000\z01-000-04-98.png,l
jeremy_words_dataset\jeremy_words\z01\z01-000\z01-000-05-03.png,l
jeremy_words_dataset\jeremy_words\z01\z01-000\z01-000-00-26.png,agreement
jeremy_words_dataset\jeremy_words\z01\z01-000\z01-000-05-07.png,maintain
jeremy_words_dataset\jeremy_words\z01\z01-000\z01-000-03-06.png,floor
jeremy_words_dataset\jeremy_words\z01\z01-000\z01-000-08-41.png,staff
jeremy_words_dataset\jeremy_words\z01\z01-000\z01-000-04-67.png,level
jeremy_words_dataset\jeremy_words\z01\z01-000\z01-000-08-32.png,south
jeremy_words_dataset\jeremy_words\z01\z01-000\z01-000-02-06.png,direction
jeremy_words_dataset\jeremy_words\z01\z01-000\z01-000-08-08.png,single
jeremy_words_dataset\jeremy_words\z01\z01-000\z01-000-03-94.png,impact
jeremy_words_dataset\jeremy_words\z01\z01-000\z01-000-02-87.png,federal
jeremy_words_dataset\jeremy_words\z01\z01-000\z01-000-03-19.png,free
jeremy_words_dataset\jeremy_words\z01\z01-000\z01-000-05-82.png,new
jeremy_words_dataset\jeremy_words\z01\z01-000\z01-000-00-69.png,a
jeremy_words_dataset\jeremy_words\z01\z01-000\z01-000-04-83.png,ll
jeremy_words_dataset\jeremy_words\z01\z01-000\z01-000-07-95.png,shoot
jeremy_words_dataset\jeremy_words\z01\z01-000\z01-000-10-59.png,year
jeremy_words_dataset\jeremy_words\z01\z01-000\z01-000-08-86.png,tell
jeremy_words_dataset\jeremy_words\z01\z01-000\z01-000-02-69.png,expert
jeremy_words_dataset\jeremy_words\z01\z01-000\z01-000-02-43.png,enjoy
jeremy_words_dataset\jeremy_words\z01\z01-000\z01-000-08-25.png,song
jeremy_words_dataset\jeremy_words\z01\z01-000\z01-000-04-42.png,k
jeremy_words_dataset\jeremy_words\z01\z01-000\z01-000-02-25.png,east
jeremy_words_dataset\jeremy_words\z01\z01-000\z01-000-03-20.png,friend
jeremy_words_dataset\jeremy_words\z01\z01-000\z01-000-02-60.png,every
jeremy_words_dataset\jeremy_words\z01\z01-000\z01-000-07-67.png,say
jeremy_words_dataset\jeremy_words\z01\z01-000\z01-000-05-09.png,majority
jeremy_words_dataset\jeremy_words\z01\z01-000\z01-000-04-49.png,later
jeremy_words_dataset\jeremy_words\z01\z01-000\z01-000-10-53.png,wri
jeremy_words_dataset\jeremy_words\z01\z01-000\z01-000-06-82.png,problem
jeremy_words_dataset\jeremy_words\z01\z01-000\z01-000-06-77.png,presiden
jeremy_words_dataset\jeremy_words\z01\z01-000\z01-000-04-08.png,interesting
jeremy_words_dataset\jeremy_words\z01\z01-000\z01-000-07-53.png,roc
jeremy_words_dataset\jeremy_words\z01\z01-000\z01-000-07-64.png,safe
jeremy_words_dataset\jeremy_words\z01\z01-000\z01-000-05-51.png,most
jeremy_words_dataset\jeremy_words\z01\z01-000\z01-000-04-05.png,inside
jeremy_words_dataset\jeremy_words\z01\z01-000\z01-000-00-44.png,anyone
jeremy_words_dataset\jeremy_words\z01\z01-000\z01-000-05-10.png,major
jeremy_words_dataset\jeremy_words\z01\z01-000\z01-000-10-72.png,zoo
jeremy_words_dataset\jeremy_words\z01\z01-000\z01-000-00-35.png,although
jeremy_words_dataset\jeremy_words\z01\z01-000\z01-000-01-03.png,box
jeremy_words_dataset\jeremy_words\z01\z01-000\z01-000-00-47.png,appear
jeremy_words_dataset\jeremy_words\z01\z01-000\z01-000-00-87.png,benefit
jeremy_words_dataset\jeremy_words\z01\z01-000\z01-000-09-94.png,understand
jeremy_words_dataset\jeremy_words\z01\z01-000\z01-000-09-24.png,time
jeremy_words_dataset\jeremy_words\z01\z01-000\z01-000-06-59.png,place
jeremy_words_dataset\jeremy_words\z01\z01-000\z01-000-10-70.png,zeus
jeremy_words_dataset\jeremy_words\z01\z01-000\z01-000-02-70.png,explain
jeremy_words_dataset\jeremy_words\z01\z01-000\z01-000-04-07.png,institution
jeremy_words_dataset\jeremy_words\z01\z01-000\z01-000-09-93.png,ue
jeremy_words_dataset\jeremy_words\z01\z01-000\z01-000-04-45.png,language
jeremy_words_dataset\jeremy_words\z01\z01-000\z01-000-01-68.png,cultural
jeremy_words_dataset\jeremy_words\z01\z01-000\z01-000-03-24.png,game
jeremy_words_dataset\jeremy_words\z01\z01-000\z01-000-01-20.png,carer
jeremy_words_dataset\jeremy_words\z01\z01-000\z01-000-10-44.png,woman
jeremy_words_dataset\jeremy_words\z01\z01-000\z01-000-04-55.png,lay
jeremy_words_dataset\jeremy_words\z01\z01-000\z01-000-10-27.png,wha
jeremy_words_dataset\jeremy_words\z01\z01-000\z01-000-08-01.png,sic
jeremy_words_dataset\jeremy_words\z01\z01-000\z01-000-09-18.png,throw
jeremy_words_dataset\jeremy_words\z01\z01-000\z01-000-06-89.png,program
jeremy_words_dataset\jeremy_words\z01\z01-000\z01-000-01-92.png,democratic
jeremy_words_dataset\jeremy_words\z01\z01-000\z01-000-01-65.png,cover
jeremy_words_dataset\jeremy_words\z01\z01-000\z01-000-02-82.png,far
jeremy_words_dataset\jeremy_words\z01\z01-000\z01-000-05-17.png,man
jeremy_words_dataset\jeremy_words\z01\z01-000\z01-000-05-37.png,middle
jeremy_words_dataset\jeremy_words\z01\z01-000\z01-000-09-22.png,th
jeremy_words_dataset\jeremy_words\z01\z01-000\z01-000-01-74.png,c
jeremy_words_dataset\jeremy_words\z01\z01-000\z01-000-08-42.png,stage
jeremy_words_dataset\jeremy_words\z01\z01-000\z01-000-06-50.png,period
jeremy_words_dataset\jeremy_words\z01\z01-000\z01-000-05-88.png,notice
jeremy_words_dataset\jeremy_words\z01\z01-000\z01-000-01-36.png,choose
jeremy_words_dataset\jeremy_words\z01\z01-000\z01-000-00-76.png,bar
jeremy_words_dataset\jeremy_words\z01\z01-000\z01-000-00-92.png,big
jeremy_words_dataset\jeremy_words\z01\z01-000\z01-000-08-70.png,suffer
jeremy_words_dataset\jeremy_words\z01\z01-000\z01-000-05-65.png,my
jeremy_words_dataset\jeremy_words\z01\z01-000\z01-000-06-03.png,okay
jeremy_words_dataset\jeremy_words\z01\z01-000\z01-000-07-85.png,serious
jeremy_words_dataset\jeremy_words\z01\z01-000\z01-000-01-35.png,chi
jeremy_words_dataset\jeremy_words\z01\z01-000\z01-000-09-39.png,trade
jeremy_words_dataset\jeremy_words\z01\z01-000\z01-000-10-54.png,wrong
jeremy_words_dataset\jeremy_words\z01\z01-000\z01-000-07-43.png,revea
jeremy_words_dataset\jeremy_words\z01\z01-000\z01-000-02-27.png,eat
jeremy_words_dataset\jeremy_words\z01\z01-000\z01-000-09-27.png,today
jeremy_words_dataset\jeremy_words\z01\z01-000\z01-000-06-95.png,pull
jeremy_words_dataset\jeremy_words\z01\z01-000\z01-000-00-49.png,approach
jeremy_words_dataset\jeremy_words\z01\z01-000\z01-000-07-49.png,rise
jeremy_words_dataset\jeremy_words\z01\z01-000\z01-000-09-07.png,third
jeremy_words_dataset\jeremy_words\z01\z01-000\z01-000-06-32.png,participant
jeremy_words_dataset\jeremy_words\z01\z01-000\z01-000-07-28.png,reflec
jeremy_words_dataset\jeremy_words\z01\z01-000\z01-000-09-66.png,t
jeremy_words_dataset\jeremy_words\z01\z01-000\z01-000-09-48.png,true
jeremy_words_dataset\jeremy_words\z01\z01-000\z01-000-08-51.png,still
jeremy_words_dataset\jeremy_words\z01\z01-000\z01-000-03-23.png,fund
jeremy_words_dataset\jeremy_words\z01\z01-000\z01-000-04-33.png,kill
jeremy_words_dataset\jeremy_words\z01\z01-000\z01-000-10-28.png,when
jeremy_words_dataset\jeremy_words\z01\z01-000\z01-000-02-44.png,enough
jeremy_words_dataset\jeremy_words\z01\z01-000\z01-000-00-45.png,anything
jeremy_words_dataset\jeremy_words\z01\z01-000\z01-000-01-78.png,das
jeremy_words_dataset\jeremy_words\z01\z01-000\z01-000-05-68.png,national
jeremy_words_dataset\jeremy_words\z01\z01-000\z01-000-05-14.png,mana
jeremy_words_dataset\jeremy_words\z01\z01-000\z01-000-08-48.png,station
jeremy_words_dataset\jeremy_words\z01\z01-000\z01-000-09-21.png,th
jeremy_words_dataset\jeremy_words\z01\z01-000\z01-000-02-76.png,face
jeremy_words_dataset\jeremy_words\z01\z01-000\z01-000-04-14.png,in
jeremy_words_dataset\jeremy_words\z01\z01-000\z01-000-00-19.png,after
jeremy_words_dataset\jeremy_words\z01\z01-000\z01-000-01-17.png,can
jeremy_words_dataset\jeremy_words\z01\z01-000\z01-000-01-53.png,condi
jeremy_words_dataset\jeremy_words\z01\z01-000\z01-000-04-69.png,lf
jeremy_words_dataset\jeremy_words\z01\z01-000\z01-000-06-40.png,patient
jeremy_words_dataset\jeremy_words\z01\z01-000\z01-000-00-86.png,believe
jeremy_words_dataset\jeremy_words\z01\z01-000\z01-000-04-87.png,lose
jeremy_words_dataset\jeremy_words\z01\z01-000\z01-000-00-00.png,ability
jeremy_words_dataset\jeremy_words\z01\z01-000\z01-000-02-58.png,everyone
jeremy_words_dataset\jeremy_words\z01\z01-000\z01-000-07-37.png,require
jeremy_words_dataset\jeremy_words\z01\z01-000\z01-000-10-43.png,without
jeremy_words_dataset\jeremy_words\z01\z01-000\z01-000-02-31.png,education
jeremy_words_dataset\jeremy_words\z01\z01-000\z01-000-00-52.png,arm
jeremy_words_dataset\jeremy_words\z01\z01-000\z01-000-07-71.png,scientist
jeremy_words_dataset\jeremy_words\z01\z01-000\z01-000-04-38.png,know
jeremy_words_dataset\jeremy_words\z01\z01-000\z01-000-04-22.png,ity
jeremy_words_dataset\jeremy_words\z01\z01-000\z01-000-03-62.png,he
jeremy_words_dataset\jeremy_words\z01\z01-000\z01-000-02-88.png,feeling
jeremy_words_dataset\jeremy_words\z01\z01-000\z01-000-01-42.png,collection
jeremy_words_dataset\jeremy_words\z01\z01-000\z01-000-04-21.png,its
jeremy_words_dataset\jeremy_words\z01\z01-000\z01-000-04-25.png,jagged
jeremy_words_dataset\jeremy_words\z01\z01-000\z01-000-08-26.png,son
jeremy_words_dataset\jeremy_words\z01\z01-000\z01-000-08-16.png,small
jeremy_words_dataset\jeremy_words\z01\z01-000\z01-000-02-32.png,effect
jeremy_words_dataset\jeremy_words\z01\z01-000\z01-000-03-95.png,importan
jeremy_words_dataset\jeremy_words\z01\z01-000\z01-000-08-49.png,stay
jeremy_words_dataset\jeremy_words\z01\z01-000\z01-000-01-33.png,charge
jeremy_words_dataset\jeremy_words\z01\z01-000\z01-000-06-17.png,order
jeremy_words_dataset\jeremy_words\z01\z01-000\z01-000-07-41.png,resu
jeremy_words_dataset\jeremy_words\z01\z01-000\z01-000-02-42.png,energy
jeremy_words_dataset\jeremy_words\z01\z01-000\z01-000-01-46.png,commercia
jeremy_words_dataset\jeremy_words\z01\z01-000\z01-000-04-06.png,instead
jeremy_words_dataset\jeremy_words\z01\z01-000\z01-000-04-50.png,late
jeremy_words_dataset\jeremy_words\z01\z01-000\z01-000-10-25.png,we
jeremy_words_dataset\jeremy_words\z01\z01-000\z01-000-09-57.png,turn
jeremy_words_dataset\jeremy_words\z01\z01-000\z01-000-03-83.png,h
jeremy_words_dataset\jeremy_words\z01\z01-000\z01-000-05-48.png,mon
jeremy_words_dataset\jeremy_words\z01\z01-000\z01-000-02-13.png,dog
jeremy_words_dataset\jeremy_words\z01\z01-000\z01-000-05-02.png,l
jeremy_words_dataset\jeremy_words\z01\z01-000\z01-000-01-61.png,could
jeremy_words_dataset\jeremy_words\z01\z01-000\z01-000-07-68.png,scene
jeremy_words_dataset\jeremy_words\z01\z01-000\z01-000-06-46.png,people
jeremy_words_dataset\jeremy_words\z01\z01-000\z01-000-09-46.png,trip
jeremy_words_dataset\jeremy_words\z01\z01-000\z01-000-02-98.png,fine
jeremy_words_dataset\jeremy_words\z01\z01-000\z01-000-03-81.png,husband
jeremy_words_dataset\jeremy_words\z01\z01-000\z01-000-06-65.png,politica
jeremy_words_dataset\jeremy_words\z01\z01-000\z01-000-05-52.png,mother
jeremy_words_dataset\jeremy_words\z01\z01-000\z01-000-06-67.png,poor
jeremy_words_dataset\jeremy_words\z01\z01-000\z01-000-05-54.png,movement
jeremy_words_dataset\jeremy_words\z01\z01-000\z01-000-05-49.png,more
jeremy_words_dataset\jeremy_words\z01\z01-000\z01-000-04-79.png,lk
jeremy_words_dataset\jeremy_words\z01\z01-000\z01-000-05-69.png,nation
jeremy_words_dataset\jeremy_words\z01\z01-000\z01-000-03-96.png,improve
jeremy_words_dataset\jeremy_words\z01\z01-000\z01-000-05-29.png,mee
jeremy_words_dataset\jeremy_words\z01\z01-000\z01-000-05-70.png,natural
jeremy_words_dataset\jeremy_words\z01\z01-000\z01-000-07-76.png,section
jeremy_words_dataset\jeremy_words\z01\z01-000\z01-000-05-53.png,mouth
jeremy_words_dataset\jeremy_words\z01\z01-000\z01-000-10-68.png,zed
jeremy_words_dataset\jeremy_words\z01\z01-000\z01-000-02-75.png,e
jeremy_words_dataset\jeremy_words\z01\z01-000\z01-000-05-99.png,often
jeremy_words_dataset\jeremy_words\z01\z01-000\z01-000-08-15.png,skil
jeremy_words_dataset\jeremy_words\z01\z01-000\z01-000-06-97.png,push
jeremy_words_dataset\jeremy_words\z01\z01-000\z01-000-05-18.png,marriage
jeremy_words_dataset\jeremy_words\z01\z01-000\z01-000-01-96.png,detail
jeremy_words_dataset\jeremy_words\z01\z01-000\z01-000-10-14.png,want
jeremy_words_dataset\jeremy_words\z01\z01-000\z01-000-08-19.png,soldier
jeremy_words_dataset\jeremy_words\z01\z01-000\z01-000-01-81.png,day
jeremy_words_dataset\jeremy_words\z01\z01-000\z01-000-02-16.png,do
jeremy_words_dataset\jeremy_words\z01\z01-000\z01-000-01-59.png,contro
jeremy_words_dataset\jeremy_words\z01\z01-000\z01-000-01-43.png,college
jeremy_words_dataset\jeremy_words\z01\z01-000\z01-000-09-40.png,traditional
jeremy_words_dataset\jeremy_words\z01\z01-000\z01-000-03-32.png,goal
jeremy_words_dataset\jeremy_words\z01\z01-000\z01-000-03-71.png,home
jeremy_words_dataset\jeremy_words\z01\z01-000\z01-000-01-56.png,consider
jeremy_words_dataset\jeremy_words\z01\z01-000\z01-000-00-32.png,alone
jeremy_words_dataset\jeremy_words\z01\z01-000\z01-000-03-84.png,ially
jeremy_words_dataset\jeremy_words\z01\z01-000\z01-000-06-38.png,pass
jeremy_words_dataset\jeremy_words\z01\z01-000\z01-000-07-55.png,roughout
jeremy_words_dataset\jeremy_words\z01\z01-000\z01-000-03-66.png,him
jeremy_words_dataset\jeremy_words\z01\z01-000\z01-000-06-57.png,picture
jeremy_words_dataset\jeremy_words\z01\z01-000\z01-000-08-83.png,team
jeremy_words_dataset\jeremy_words\z01\z01-000\z01-000-03-61.png,her
jeremy_words_dataset\jeremy_words\z01\z01-000\z01-000-03-44.png,guy
jeremy_words_dataset\jeremy_words\z01\z01-000\z01-000-10-21.png,wee
jeremy_words_dataset\jeremy_words\z01\z01-000\z01-000-00-65.png,available
jeremy_words_dataset\jeremy_words\z01\z01-000\z01-000-03-75.png,house
jeremy_words_dataset\jeremy_words\z01\z01-000\z01-000-08-60.png,structure
jeremy_words_dataset\jeremy_words\z01\z01-000\z01-000-00-38.png,amoun
jeremy_words_dataset\jeremy_words\z01\z01-000\z01-000-06-15.png,opportunity
jeremy_words_dataset\jeremy_words\z01\z01-000\z01-000-02-92.png,fight
jeremy_words_dataset\jeremy_words\z01\z01-000\z01-000-00-51.png,argue
jeremy_words_dataset\jeremy_words\z01\z01-000\z01-000-03-18.png,four
jeremy_words_dataset\jeremy_words\z01\z01-000\z01-000-08-84.png,technology
jeremy_words_dataset\jeremy_words\z01\z01-000\z01-000-05-95.png,officer
jeremy_words_dataset\jeremy_words\z01\z01-000\z01-000-00-48.png,apply
jeremy_words_dataset\jeremy_words\z01\z01-000\z01-000-02-62.png,evidence
jeremy_words_dataset\jeremy_words\z01\z01-000\z01-000-06-88.png,professor
jeremy_words_dataset\jeremy_words\z01\z01-000\z01-000-08-37.png,spend
jeremy_words_dataset\jeremy_words\z01\z01-000\z01-000-00-77.png,base
jeremy_words_dataset\jeremy_words\z01\z01-000\z01-000-01-91.png,democracy
jeremy_words_dataset\jeremy_words\z01\z01-000\z01-000-09-88.png,t
jeremy_words_dataset\jeremy_words\z01\z01-000\z01-000-10-36.png,who
jeremy_words_dataset\jeremy_words\z01\z01-000\z01-000-06-21.png,our
jeremy_words_dataset\jeremy_words\z01\z01-000\z01-000-06-18.png,organisation
jeremy_words_dataset\jeremy_words\z01\z01-000\z01-000-02-93.png,figure
jeremy_words_dataset\jeremy_words\z01\z01-000\z01-000-09-01.png,they
jeremy_words_dataset\jeremy_words\z01\z01-000\z01-000-09-97.png,unit
jeremy_words_dataset\jeremy_words\z01\z01-000\z01-000-08-24.png,som
jeremy_words_dataset\jeremy_words\z01\z01-000\z01-000-00-66.png,avoid
jeremy_words_dataset\jeremy_words\z01\z01-000\z01-000-01-73.png,cut
jeremy_words_dataset\jeremy_words\z01\z01-000\z01-000-08-75.png,system
jeremy_words_dataset\jeremy_words\z01\z01-000\z01-000-06-45.png,peace
jeremy_words_dataset\jeremy_words\z01\z01-000\z01-000-08-80.png,task
jeremy_words_dataset\jeremy_words\z01\z01-000\z01-000-10-55.png,xantham
jeremy_words_dataset\jeremy_words\z01\z01-000\z01-000-04-64.png,less
jeremy_words_dataset\jeremy_words\z01\z01-000\z01-000-03-68.png,his
jeremy_words_dataset\jeremy_words\z01\z01-000\z01-000-09-42.png,travel
jeremy_words_dataset\jeremy_words\z01\z01-000\z01-000-02-59.png,everything
jeremy_words_dataset\jeremy_words\z01\z01-000\z01-000-04-82.png,ll
jeremy_words_dataset\jeremy_words\z01\z01-000\z01-000-03-98.png,including
jeremy_words_dataset\jeremy_words\z01\z01-000\z01-000-07-12.png,reach
jeremy_words_dataset\jeremy_words\z01\z01-000\z01-000-02-95.png,finally
jeremy_words_dataset\jeremy_words\z01\z01-000\z01-000-04-15.png,issue
jeremy_words_dataset\jeremy_words\z01\z01-000\z01-000-10-17.png,water
jeremy_words_dataset\jeremy_words\z01\z01-000\z01-000-05-58.png,mrs
jeremy_words_dataset\jeremy_words\z01\z01-000\z01-000-09-74.png,t
jeremy_words_dataset\jeremy_words\z01\z01-000\z01-000-04-46.png,large
jeremy_words_dataset\jeremy_words\z01\z01-000\z01-000-06-98.png,p
jeremy_words_dataset\jeremy_words\z01\z01-000\z01-000-01-45.png,come
jeremy_words_dataset\jeremy_words\z01\z01-000\z01-000-04-63.png,leg
jeremy_words_dataset\jeremy_words\z01\z01-000\z01-000-05-04.png,l
jeremy_words_dataset\jeremy_words\z01\z01-000\z01-000-04-18.png,iter
jeremy_words_dataset\jeremy_words\z01\z01-000\z01-000-00-88.png,better
jeremy_words_dataset\jeremy_words\z01\z01-000\z01-000-08-63.png,stuff
jeremy_words_dataset\jeremy_words\z01\z01-000\z01-000-04-94.png,l
jeremy_words_dataset\jeremy_words\z01\z01-000\z01-000-05-87.png,nothing
jeremy_words_dataset\jeremy_words\z01\z01-000\z01-000-06-34.png,particular
jeremy_words_dataset\jeremy_words\z01\z01-000\z01-000-07-02.png,quickly
jeremy_words_dataset\jeremy_words\z01\z01-000\z01-000-00-70.png,a
jeremy_words_dataset\jeremy_words\z01\z01-000\z01-000-08-74.png,sure
jeremy_words_dataset\jeremy_words\z01\z01-000\z01-000-10-00.png,up
jeremy_words_dataset\jeremy_words\z01\z01-000\z01-000-00-39.png,analysis
jeremy_words_dataset\jeremy_words\z01\z01-000\z01-000-00-11.png,actually
jeremy_words_dataset\jeremy_words\z01\z01-000\z01-000-05-67.png,name
jeremy_words_dataset\jeremy_words\z01\z01-000\z01-000-00-10.png,activity
jeremy_words_dataset\jeremy_words\z01\z01-000\z01-000-03-45.png,hair
jeremy_words_dataset\jeremy_words\z01\z01-000\z01-000-08-79.png,take
jeremy_words_dataset\jeremy_words\z01\z01-000\z01-000-02-35.png,eight
jeremy_words_dataset\jeremy_words\z01\z01-000\z01-000-04-26.png,join
jeremy_words_dataset\jeremy_words\z01\z01-000\z01-000-09-05.png,thing
jeremy_words_dataset\jeremy_words\z01\z01-000\z01-000-04-20.png,itself
jeremy_words_dataset\jeremy_words\z01\z01-000\z01-000-02-10.png,discuss
jeremy_words_dataset\jeremy_words\z01\z01-000\z01-000-01-72.png,customer
jeremy_words_dataset\jeremy_words\z01\z01-000\z01-000-05-66.png,name
jeremy_words_dataset\jeremy_words\z01\z01-000\z01-000-10-11.png,v
jeremy_words_dataset\jeremy_words\z01\z01-000\z01-000-01-44.png,colour
jeremy_words_dataset\jeremy_words\z01\z01-000\z01-000-04-92.png,lt
jeremy_words_dataset\jeremy_words\z01\z01-000\z01-000-04-95.png,l
jeremy_words_dataset\jeremy_words\z01\z01-000\z01-000-04-28.png,j
jeremy_words_dataset\jeremy_words\z01\z01-000\z01-000-04-89.png,lot
jeremy_words_dataset\jeremy_words\z01\z01-000\z01-000-06-80.png,pre
jeremy_words_dataset\jeremy_words\z01\z01-000\z01-000-04-24.png,it
jeremy_words_dataset\jeremy_words\z01\z01-000\z01-000-00-28.png,air
jeremy_words_dataset\jeremy_words\z01\z01-000\z01-000-09-16.png,three
jeremy_words_dataset\jeremy_words\z01\z01-000\z01-000-09-89.png,t
jeremy_words_dataset\jeremy_words\z01\z01-000\z01-000-06-22.png,ou
jeremy_words_dataset\jeremy_words\z01\z01-000\z01-000-07-77.png,security
jeremy_words_dataset\jeremy_words\z01\z01-000\z01-000-02-38.png,ell
jeremy_words_dataset\jeremy_words\z01\z01-000\z01-000-04-35.png,kin
jeremy_words_dataset\jeremy_words\z01\z01-000\z01-000-03-07.png,fly
jeremy_words_dataset\jeremy_words\z01\z01-000\z01-000-05-08.png,main
jeremy_words_dataset\jeremy_words\z01\z01-000\z01-000-09-04.png,thing
jeremy_words_dataset\jeremy_words\z01\z01-000\z01-000-02-34.png,ege
jeremy_words_dataset\jeremy_words\z01\z01-000\z01-000-09-99.png,upon
jeremy_words_dataset\jeremy_words\z01\z01-000\z01-000-03-37.png,great
jeremy_words_dataset\jeremy_words\z01\z01-000\z01-000-02-17.png,draw
jeremy_words_dataset\jeremy_words\z01\z01-000\z01-000-00-42.png,another
jeremy_words_dataset\jeremy_words\z01\z01-000\z01-000-05-89.png,not
jeremy_words_dataset\jeremy_words\z01\z01-000\z01-000-08-52.png,stock
jeremy_words_dataset\jeremy_words\z01\z01-000\z01-000-01-76.png,c
jeremy_words_dataset\jeremy_words\z01\z01-000\z01-000-08-88.png,ten
jeremy_words_dataset\jeremy_words\z01\z01-000\z01-000-08-10.png,site
jeremy_words_dataset\jeremy_words\z01\z01-000\z01-000-09-76.png,t
jeremy_words_dataset\jeremy_words\z01\z01-000\z01-000-10-04.png,value
jeremy_words_dataset\jeremy_words\z01\z01-000\z01-000-08-67.png,success
jeremy_words_dataset\jeremy_words\z01\z01-000\z01-000-05-71.png,nature
jeremy_words_dataset\jeremy_words\z01\z01-000\z01-000-09-83.png,t
jeremy_words_dataset\jeremy_words\z01\z01-000\z01-000-04-16.png,itary
jeremy_words_dataset\jeremy_words\z01\z01-000\z01-000-07-91.png,sexual
jeremy_words_dataset\jeremy_words\z01\z01-000\z01-000-04-11.png,into
jeremy_words_dataset\jeremy_words\z01\z01-000\z01-000-06-58.png,piec
